termo,query,subreddit,id,created_utc,ano,score,body,permalink
apply,aplicou,BrasildoB,cyen6aa,1451364839,2015,4,"É uma forma muito crua de se referir à escola de Frankfurt, que aplicou a teoria marxista às relações sociais, e também uma teoria conspiratória assustadoramente parecida com o ""bolchevismo cultural"" do nazismo. Põe um pouco de Gramsci aí também.

As posições reais da escola de Frankfurt e de Gramsci são outros quinhentos, bastante interessantes, para dizer a verdade, mas o caso é que os que falam em ""marxismo cultural"" (literalmente fascistas e neo nazis) estão criticando movimentos culturais que questionam os valores culturais (feminismo, LGBT, etc) como se eles fossem parte de um plano maligno para implantar o comunismo. Eu li o livro do Olavo chamado Nova Era e Revolução Cultural e ainda estou tentando entender como isso funcionaria, e o autor também, porque no final ele mesmo admite que ninguém sabe isso ao certo e que, na Itália, onde ele afirma que o gramscismo foi tentado, o comunismo não funfou, as pessoas só se tornaram mais atéias (?). 

Um video resumindo o pensamento de Gramsci esta na front page de /r/socialism hoje, vale a pena:

https://www.youtube.com/watch?v=js8E6C3ZnJ0",/r/BrasildoB/comments/t3_3ycbdp/cyen6aa
apply,aplicou,BrasildoB,d3vb27f,1465007356,2016,2,"O monitoramento da população e a *surveillance* por parte dos governos não são novidades. É só lembrar do Snowden. O nosso não é diferente. 

Em Santa Catarina existe uma grande empresa de software que produz ferramentas para esse tipo de monitoramento e eu tive oportunidade de trabalhar nela. Os movimentos e organizações sociais são monitorados constantemente. E o monitoramento chega ao limite da legalidade. A minha leitura em particular do que o Jucá falou é mais como ""eles vão nos passar um relatório do que está acontecendo (mas que eles já monitoram faz tempo)"" do que ""eles começaram agora a monitorar eles e vão nos contar o que acontece"".

Se é feita *surveillance* e ninguém fora da ABIN fica sabendo, só a PF recebe denúncias dos crimes identificados, os politicos estão pouco se fudendo. Para os políticos o fato de poder ter essa informação é precioso. Eles podem coordenar melhor campanhas de informação/contra-informação, podem ter uma melhor ideia do momento mais oportuno pra soltar uma bomba na imprensa. Com essa perspectiva fica menos óbvio entender que houve algo ""organizado"". Não houve movimentação nesse sentido, de se criar uma *surveillance*. No meu entender, a movimentação foi apenas política, o que não é pouco. A grande diferença é a legalidade da coisa.

Mas é por isso que o golpe branco, apesar de branco, é um tipo de golpe. Agora comparar banana com laranja é besteira. Napoleão também aplicou um golpe na França, derrubou a república e instituiu um imperialismo, só falta agora é dizerem que é a mesma coisa.",/r/BrasildoB/comments/t3_4mdre1/d3vb27f
apply,aplicou,BrasildoB,d6gg0vu,1471131228,2016,4,"Embora fosse um movimento antigo, Kissinger foi o homem que realmente aplicou o projeto que jogou a política e a economia da América Latina na privada. Ele declarou que não permitiria o surgimento de um Meiji na América do Sul para que os EUA reinassem sozinhos.

E isso é apenas o nosso exemplo, o que ele fez no Oriente Médio e no sudeste da Ásia é de uma crueldade sem nome. Seria queimado vivo e considerado criminoso de guerra caso não fosse americano. O mais triste é ver tantos brasileiros adorando os EUA, me pergunto se é ignorância ou síndrome de Estocolmo.",/r/BrasildoB/comments/t3_4xkjrn/d6gg0vu
apply,aplicar,BrasildoB,d04zq4a,1455829115,2016,1,">A coluna abaixo foi publicada na Folha, em 21 de março de 2006, quando a Brasif resolveu vender suas operações para uma empresa suiça. A Brasif foi apontada pela jornalista Mirian Dutra como a empresa através da qual Fernando Henrique Cardoso garantia a suplementação da sua (de Mirian) renda no exterior.

>1. Todas as lojas da Brasif eram concessões obtidas nos anos anteriores na Infraero - foram concessões públicas entregues de graça à empresa. E concessões únicas junto à Secretaria da Receita federal.

>2. O valor atualizado (em reais) dos US$ 100 mil remetidos por FHC é de R$ 357 mil (supondo 1 dólar = 1 real). Provavelmente FHC não terá dificuldade em comprovar a posse desse valor e a maneira como a saída foi declarada em seu Imposto de Renda.

>3. Se se for aplicar a FHC a mesma métrica com que o Ministério Público Federal mede Lula, se terá as duas pontas de forma muito mais nítida: uma empresa que envia dinheiro para uma jornalista, a pedido de FHC; e a mesma empresa sendo beneficiada por privilégios únicos em sua atividade.",/r/BrasildoB/comments/t3_46gxqc/d04zq4a
apply,aplicar,BrasildoB,d0amhw2,1456240135,2016,3,"Meus 20 centavos nesse conto de socialismo moderno.

Respeito a Cynara como jornalista mesmo não concordando com tudo que ela diz, desejo sucesso no blog dela, mas ela peca na parte teórica.
Aqui é difícil saber se ela está chamando socialismo de social-democracia (como os norte-americanos ) ou se ela acha que o socialismo é realmente isso. Independente disso é uma visão liberal e não é moderna foi debatida há 100 anos atrás de forma mais clara entre Lenin e Kautsky, e mesmo nos escritos de Marx e Engels sobre a comuna de Paris você encontra o problema dessa visão. 

A afirmação de que os teóricos comunistas pregam uma eliminação física dos ricos ou reeducação ( materialismo passou longe aqui) vem de uma visão mais conservadora do que comunista, e que mesmo quando algum maluco resolveu aplicar isso simplesmente não funciona, basta ver o caso da própria URSS, uma sociedade supostamente igualitária onde os ricos foram ""eliminados"" (materialmente e fisicamente em alguns casos), assim que se dissolveu voltou novamente com as classes. A questão é criar uma sociedade onde seja impossível existir ricos, e isso não se dá via eliminação física nem altos impostos.

Outra coisa é visão liberal de que o estado é uma entidade neutra e que basta eleger um operário para colocar o estado a serviço de um operário. Isso como a gente muito bem sabe não se verifica, basta ver a ação policial em relação aos pobres, e como a justiça funciona, é ingenuo acredita que basta escrever que todos são iguais perante a lei e isso simplesmente acontece, o estado existe para repressão. E o estado é uma entidade que favorece a acumulação, e existe para proteger ela.
Além disso tem a visão de que os ricos simplesmente aceitariam pagar esses impostos, isso já é um debate que o Pikety entrou e que saiu com a proposta mais utópica ainda que é a de colocar uma taxação global.
",/r/BrasildoB/comments/t3_4746lo/d0amhw2
apply,aplicar,BrasildoB,d0vuoz7,1457695314,2016,4,"Eu cocei o dedo para responder às respostas deste comentário lá no outro sub, mas melhor deixar pra lá.

Parece que a galera não entendeu o ponto central do argumento:

> de longe gozam de discernimento sobre o peso da bagagem ideológica que eles próprios carregam e propagam

Ter uma disciplina de sociologia na faculdade qualquer de direito *não* faz você se livrar das ideologias, e dependendo do professor passa até essa falsa sensação de que você conhece todas as escolas do pensamento social e sabe aplicar corretamente a teoria.",/r/BrasildoB/comments/t3_49ww75/d0vuoz7
apply,aplicar,BrasildoB,d164p2c,1458427939,2016,3,"Se aplicar esse mesma presunção que eles querem o Lula pode ser ministro numa boa, não é? Afinal nem reu ele ainda é",/r/BrasildoB/comments/t3_4b29i6/d164p2c
apply,aplicar,BrasildoB,d2ax391,1461189207,2016,7,"Os jovens de hoje acham que em 64 os caras levantaram e falaram no megafone:

-ATENÇÃO ATENÇÃO, vamos aplicar um golpe.

E os jornais publicaram:

""É Golpe""

Falam de professor de história mas o processo de como se deu é bem relegado nessas matérias no ensino médio, só depois que eu vi as manchetes e os argumentos da época que fui entender melhor como aconteceu. ",/r/BrasildoB/comments/t3_4fpabs/d2ax391
apply,aplicar,BrasildoB,d3grsfq,1464032566,2016,8,"Eu acho que a maior lição é: Não pelegar. O MPL é sabidamente anarquista e foi conivente com a galera do ""sem partido"" quando o PCB e o PSTU quiseram levantar suas bandeiras. Eu entendo que a ideologia anarquista converge com o asco aos partidos das classes reacionárias, o que o MPL não percebeu é que fazendo vista grossa pra essa galera perderam o protagonismo das manifestações que foram maestralmente cooptadas pelos coxinhas.

Eu não vejo saída exceto levantar bandeiras vermelhas e pretas gigantes e usar as táticas tradicionais da esquerda, barricadas, quebradeira de vidraças de bancos e etc. Temos que deixar bem claro quem está protagonizando as manifestações, pois se tomar tração a tentativa de nova cooptação é certa.

Creio que é hora dos anarquistas, stalinistas e trotskistas deixarem de picuínha uns com os outros, se unirem e deixarem claro que antes de pró-governo, anti-golpe, anti-temer, os protestos são anti-liberais. Isso tem que ser claro, pois não adianta nada o Temer cair, a Dilma voltar e ela aplicar as mesmas políticas de austeridade que o Temer está propondo.",/r/BrasildoB/comments/t3_4kop3x/d3grsfq
apply,aplicar,BrasildoB,d3rym3i,1464801725,2016,1,"> A expectativa de que eles não vencerão as próximas eleições?

Será mesmo? Com Gilmar Mendes a frente do TSE eu não descartaria nem sequer uma fraude eleitoral para garantir a sobrevida deles, especialmente depois que eles perceberem que existe o risco real do Lula voltar. Não estranharia nem sequer uns resultados ""estranhos"" na eleição desse ano em algumas cidades de pequeno e médio porte (porque fazer em uma SP, CWB ou RJ da vida daria muito na cara), podem muito bem estar fazendo testes pra ver se eventuais fraudes passam despercebidas do povão para aplicar, caso necessário, na eleição de 2018. Afinal de contas sabemos que a garantia da confiabilidade do sistema de votação do TSE é o próprio TSE. ",/r/BrasildoB/comments/t3_4m1iei/d3rym3i
apply,aplicar,BrasildoB,d4ayv3p,1466037566,2016,1,"Acho que eles devem deixar o ambiente se regular sozinho com relação a essas coisas. Querer aplicar a lógica ""da vida real"" dentro do Reddit não funciona, não a longo prazo. Eu participo de fóruns de discussão na internet desde os tempos da Usenet, passei por servidores de news, mail lists, fóruns de internet, orkut, facebook, reddit e o diabo a quatro e te digo, o Reddit mesmo com a zoeira que tem é muito mais ""civilizado"" que a maioria dos grupos da usenet de uns 15 anos atrás, aquilo lá era a total anarquia e de alguma forma funcionava (e funciona até hoje só que com bem menos apelo que facebook, reddit e chans da vida). Enquanto não tiver um afirmando que vai matar o outro dá pra se conviver com algumas tiradas, sarcasmo e alguns egos feridos. O povo quer brigar deixa brigar, a própria comunidade aprende a isolar esse povo e depois de um tempo esse cara vê que não está conseguindo o que quer e dá o fora naturalmente, quando a coisa se bagunça demais acabam que grupos irão se separar e criar suas próprias comunidades, não precisa ter um subreddit ""default"" que seja a ""casa do todos os brasileiros*"" com um * bem pequeno onde embaixo se escreve ""algumas exceções se aplicam no conceito de todos"". 

Em um primeiro momento o liberou geral vai virar uma anarquia, gente vai sair mas eventualmente o pessoal volta, a própria comunidade se regula eventualmente sem precisar de uns moderadores que se comportam como a Perpétua, a irmã rancorosa  da Tieta. Querer transformar o reddit em safe space é perda de tempo. ",/r/BrasildoB/comments/t3_4nlba6/d4ayv3p
apply,aplicar,BrasildoB,d4f75tu,1466325085,2016,3,"> ""Eu tenho a base do MBL. E o PMDB de Vinhedo me deu liberdade para aplicar meus ideais da forma que eu quiser"", afirma à Folha Rubinho, que, durante a tramitação do impeachment na Câmara, praticamente mudou-se para Brasília, onde pressionou deputados a votar contra Dilma.
> 
> Depois do afastamento da presidente, o movimento voltou-se para as eleições de 2016. Ficou acertado que membros que queiram concorrer deverão se afastar das atividades no MBL durante a campanha e defender os ideais do grupo liberal em suas propostas. Além disso, o MBL não irá participar do financiamento das campanhas e veta candidaturas nos seguintes partidos: PT, PCdoB, PSOL, PSTU, PCO e Rede.
> 
> ""Os líderes do movimento que irão se candidatar farão campanhas defendendo a plataforma do MBL e, uma vez eleitos, votarão de acordo com o que defenderam, independentemente da orientação da liderança partidária"", diz Santos.
> 
> ""A atuação em partidos políticos é um meio, o verdadeiro fim é a defesa dos valores do movimento"", completa.
> 
> Questionados sobre a contradição de um movimento contra a corrupção lançar candidatos em partidos envolvidos na Lava Jato, como o próprio PMDB, os líderes dizem que é preciso ""infiltrar"" pessoas e ideias novas em um sistema corrompido.
> 
> ""Em nível nacional, tem alguns nomes do PMDB que decepcionam qualquer pessoa, mas, para exercer a política, você tem que estar dentro de um partido"", diz Rubinho.",/r/BrasildoB/comments/t3_4osiz9/d4f75tu
apply,aplicar,BrasildoB,d6781hg,1470527711,2016,5,Os caras querem aplicar a lei unilateralmente e exclusivamente contra o PT e livrando a conta do PMDB e você espera que abra um precedente?,/r/BrasildoB/comments/t3_4wgxwj/d6781hg
apply,aplicar,BrasildoB,d6huz2l,1471230426,2016,1,"No papel é uma coisa, mas na prática é outra. Pegar algo que funcionou em Vancouver (603.500 pessoas) e tentar aplicar no Rio (6 milhões de pessoas) é burrice. Não tem como colocar as pessoas pra morar mais perto do trabalho no caso brasileiro e esses projetos de urbanização sempre levam a higienização social, foi o caso da Vila Autódromo. ",/r/BrasildoB/comments/t3_4xqwq0/d6huz2l
apply,aplicar,BrasildoB,d75ry6a,1472757256,2016,6,"Calma meu... não é preto no branco. existe de tudo nesse país. Havia sim esquerdista sem noção que acreditava num Brasil soviético, mas primeiro, sejamos francos, apenas um exército vermelho seria capaz de uma revolução, e não meia dúzia de gatos pingados da classe média. E o nosso exército historicamente é de direita, o golpe sobre a monarquia foi de direita, e repassaram o poder aos liberais de SP e coronéis do nordeste que governaram o país até quebrar o estado, apesar de na sequência ter havido tenentes mais ou menos de esquerda, eles nunca foram parte do comando do exército, e foram todos presos já no primeiro de Abril de 64.

Segundo, esses gatos pingados viraram bode expiatório para o golpe de 64, e a perseguição a eles sem dúvida cresceu o radicalismo, como o golpe que vemos hoje aumentará o radicalismo da esquerda inevitavelmente.

Segundo e meio, até a condecoração de Jânio Quadros para Chê virou bode expiatório para o golpe de 64. Nunca que Jânio faria do Brasil um país comunista, o cara era simplesmente maluco e atirava para todo lado depois que fenomenalmente caiu para cima na cadeira da presidência. Jânio havia virado símbolo de que 'o povo não sabe votar', virou um 'foda-se a democracia'. 

Terceiro, o golpe era visto como 'temporário' para reestruturar a república e aplicar o parlamentarismo de uma vez por todas, tanto que o golpe foi apoiado pelos fundadores do (P)MDB: Tancredo Neves e Ulysses Guimarães, que acreditava herdar dos golpistas o poder, que de fato aconteceu porém 25 anos mais tarde, através do colégio eleitoral, no voto indireto, quando a imprensa (leia-se seus anunciantes, leia-se empresários e oligarquia) perderam a crença no governo militar.

Como todo golpe, existe um golpe dentro do golpe, o radicalismo da esquerda que quis pegar em armas, unindo duas forças, aqueles que queriam instalar uma ditadura do proletariado e aqueles que queriam combater o poder ilegítimo, provocou um radicalismo de tabela pela direita, onde a própria oligarquia do país passou a financiar diretamente forças de repressão como a Operação Bandeirante. Isso deu autoridade moral para os generais governarem sem o congresso, fazendo do (P)MDB um otário político pelos próximos quinze anos.

Quarto, o verdadeiro motivo para o golpe de 64 foram as Reformas de Base propostas por Jango. Reforma Agrária ainda é tabu hoje, em 64 Reforma Agrária era transformar metade do congresso em inimigo político. A oligarquia preferiu entregar o poder político a uma ditadura do que perder parte de suas capitanias hereditárias, assim como hoje prefere entregar o poder ao reino do fisiologismo, Michel Temer, do que aceitar aumento de impostos sobre renda, transações financeira e fim de subsídios e exonerações fiscais. 

Quinto, a guerra fria. Da mesma forma que hoje os Estados Unidos querem fragmentar o BRICS, sem entrar em conflito com a China, os Estados Unidos queriam quebrar a coalizão de países paralela que se formava com a polarização da guerra fria, sem entrar em conflito direto com a URSS. O Brasil foi e é um 'soft proxy-war' na geopolítica mundial. Em ambos os casos, negam qualquer interferência, em 64 já sabemos da implicação deles por causa dos arquivos secretos abertos pelo congresso americano, como a frota do atlântico sul estacionada no nosso litoral em primeiro de abril de 64 numa operação chamada 'Brother Sam', hoje ainda não temos, e não teremos tão cedo, o quanto interferiram no processo aqui, mas já sabemos por Snowden que o Brasil era o país mais vigiado pelo NSA, logo após o próprio povo americano, onde os principais alvos foram figuras políticas da esquerda, Eletronuclear e Petrobrás, que por acaso no ano seguinte, viraram alvo de uma operação juridico-midiática que basicamente visava derrubar um governo de esquerda, para ser esquecida no dia seguinte ao golpe. E por acaso, no começo dessa década, a frota americana do atlântico sul foi reerguida, e acredito que não seja para manter a supremacia naval sobre a costa da África.
",/r/BrasildoB/comments/t3_50n7wf/d75ry6a
apply,aplicar,BrasildoB,d7lguql,1473797606,2016,3,"Cunha... só ele é culpado? E a coxinhada que lhe apoiou publicamente durante dois anos?

Todos nós soubemos quem era Cunha no dia que foi eleito presidente do congresso. Todos os partidos e a imprensa sabiam que ele seria o beijo da morte na segunda gestão de Dilma, em que se quebrou a tradição do primeiro mandato do presidente da casa ser indicado pelo presidente eleito.

Na quebra da tradição se faz o oposto, coloca-se um sabotador sabidamente corrupto, na hora que Dilma aplica o ajuste exigido pela ala conservadora do congresso e da sociedade, essa mesma ala torpedeia o ajuste sob o comando desse cara, no quanto pior, melhor.

A imprensa blindou Cunha, assim como os demos e os tucanos, que só inverteram o sinal em alguns intervalos quando Cunha ameaçava de não aplicar o golpe parlamentar.

Para quem usou e abusou do regimento e podres dos outros, ter sido usado e abusado pelo próprio veneno é no mínimo uma tragicomédia de como a lei nesse país serve a qualquer coisa, menos ao país, que está agora aos cacos.

  ",/r/BrasildoB/comments/t3_52l1wr/d7lguql
apply,aplicar,BrasildoB,d7o3tlc,1473962373,2016,3,"Somado que o PMDB não tem aptidão para governar, de executar, de ser proativo... e estão fora da sua zona de conforto de cobrar seu dízimo de quem o faz, mas na posição contrária

Eles tinham que ter colocado isso na balança antes de aplicar o golpe ",/r/BrasildoB/comments/t3_52w9um/d7o3tlc
apply,aplicar,BrasildoB,d7quht8,1474139318,2016,3,"Eu concordo, em parte, com o comentário do u/um--no abaixo. Acredito que o objetivo é transformar aquilo que hoje é comum em algo extremista ou criminoso no futuro próximo.

Já existe projeto para proibir o comunismo igual fizeram com o nazismo, também não é raro ver artigos de direita dizendo que a CLT é coisa de fascista do século passado enquanto alguns da ""esquerda"" (Crisgolpe Buarque) falam que ser contra a reforma trabalhista é coisa da esquerda reacionária. Você mata a discussão quando não analisa uma opinião ou proposta e apenas marca a mesma como nazista, comunista, racista, populista, petista ou qualquer outro nome sujo. Isso facilita para a mídia vender ideias que vão contra o bom senso e para o governo aplicar leis que prejudicam as pessoas e o país. [Nem adianta explicar](https://www.reddit.com/r/brasil/comments/52z315/temer_autoriza_banco_central_a_comprar_papel/) que uma estatal que sempre deu lucro e de papel fundamental para a soberania do país está perto de ser sucateada e vendida, a ideia de que é melhor privatizar tudo está tão forte que a opinião é descartada.",/r/BrasildoB/comments/t3_53753u/d7quht8
apply,aplicar,BrasildoB,d7s0kzy,1474221448,2016,3,"Complementando o que o frootloops disse, é ingenuidade sua pensar que as pessoas vão aplicar as regras igualmente a todos. Todo mundo é contra a corrupção, mas, se você apontar a corrupção de um partido que não seja o PT, o cidadão médio exposto à nossa mídia precisa fazer um esforço consciente para aplicar a mesma regra a esse outro partido também, isso não ocorre a ele automaticamente. Mesmo assim, vc esbarra nas conhecidas dona indiferença, dona inércia e dona hipocrisia (para quem vê que isso está errado, mas gosta), pois o PT leva porrada todo dia da mídia e não é divertido bater sozinho no PSDB/PMDB/DEM. As pessoas são passionais e semi-racionais por natureza, a coerência só vem por meio de reflexão, nunca espere que ela venha em primeiro lugar.

A proibição do nazismo pelo menos retarda a ação dele. Se o comunismo for banido, só quem vai se importar com isso são, obviamente, os comunistas, e não vai ser discursinho ""ai, se X pode, por que Y não pode também"" que vai vencer os interesses poderosos por trás da proibição. Se os nazistas quiserem ser liberados, eles que se movam para isso sozinhos, porque é bem óbvio que eles obliterarão tudo o que é de esquerda se tiverem a menor oportunidade. ",/r/BrasildoB/comments/t3_53753u/d7s0kzy
apply,aplicar,BrasildoB,d7s9ak7,1474232143,2016,3,"Talvez vá levar pedrada pelo o que eu vou dizer mas o judiciário é, e deve continuar a ser, um poder que é absolutamente incompatível com democracia se pretendemos esperar que ele funcione como se deve. O judiciário deve ser independente, e por isso não democrático, porque eles tem que aplicar a lei doa a quem doer e não pode ter medo de ser impopular por isso (por exemplo, o aborto de feto anencéfalo é um coisa impopular até por uma questão religiosa, se fosse seguir o aspecto ""democrático"" ele continuaria proibido mesmo em despeito ao texto constitucional). Obviamente o fato de não ser compatível com a democracia não significa que eles são uma espécie de poder moderador da república (como aliás o MP anda se colocando muitas vezes ultimamente) que não devem nenhuma satisfação para a sociedade, mas não vejo como a justiça atuante ser democrática sem cair em questões como o populismo penal. Se criamos mais uma ""variável democrática"" no sistema (a criação das leis, teoricamente, já passam pelo crivo democrático, não é necessário passar pelo crivo democrático de novo para ocorrer a aplicação dessas leis nos casos em concreto) vamos ver juízes como o Moro pipocando em todos os cantos deste país porque o povão tem verdadeira tara de mandar todo mundo da uma guilhotina e calabouço. 

Se o CNJ funcionasse como deveria ele seria o meio de se ter um equilíbrio no excesso de poderes do judiciário mas vemos frequentemente que o CNJ pouco se importa com o seu papel e prefere se enveredar pelas raias do corporativismo.",/r/BrasildoB/comments/t3_53753u/d7s9ak7
apply,aplicar,BrasildoB,d7skrdw,1474248802,2016,1,"> Complementando o que o frootloops disse, é ingenuidade sua pensar que as pessoas vão aplicar as regras igualmente a todos.

Se as regras não serão aplicadas de forma justa para todos, então é justo que essas regras existam?

In dubio pro reo.

>Todo mundo é contra a corrupção, mas, se você apontar a corrupção de um partido que não seja o PT, o cidadão médio exposto à nossa mídia precisa fazer um esforço consciente para aplicar a mesma regra a esse outro partido também, isso não ocorre a ele automaticamente. Mesmo assim, vc esbarra nas conhecidas dona indiferença, dona inércia e dona hipocrisia (para quem vê que isso está errado, mas gosta), pois o PT leva porrada todo dia da mídia e não é divertido bater sozinho no PSDB/PMDB/DEM. As pessoas são passionais e semi-racionais por natureza, a coerência só vem por meio de reflexão, nunca espere que ela venha em primeiro lugar.

Vejo que você não conhece o brasileiro. É claro que existem os partidários (incluindo o pró-PSDB e anti-PT), mas eles são uma minoria e vimos isso nos protestos em defesa e contra o impeachment. Vamos ser honestos, você viu o povo com camisa da CBF ou de camisa vermelha? Se fosse esse o caro, não teríamos 1 milhão na Av. Paulista, mas 5 ou 6 milhões. A grande maioria da população vê toda a classe política como um bando de ladrões, acreditar que a maioria são contra um certo partido é um erro. Mas eu concordo com o que disse sobre a mídia.

> A proibição do nazismo pelo menos retarda a ação dele. Se o comunismo for banido, só quem vai se importar com isso são, obviamente, os comunistas

Eu me importo mesmo não sendo comunista, assim como me importo com a proibição do nazismo. Tanto que eu sou contra a proibição dos dois.

>e não vai ser discursinho ""ai, se X pode, por que Y não pode também"" que vai vencer os interesses poderosos por trás da proibição.

Seria uma arma contra os mesmos. E mesmo que o ""discursinho"" não seja útil, ficar calado e deixar censurar também não ajuda.

>Se os nazistas quiserem ser liberados, eles que se movam para isso sozinhos, porque é bem óbvio que eles obliterarão tudo o que é de esquerda se tiverem a menor oportunidade. 

Não é porque eu defendo o direito ao aborto que eu vou aceitar a criminalização dos movimentos que são contra. A esquerda, e as pessoas como um todo, deveria estar acima da ideia de calar as opiniões diferentes.",/r/BrasildoB/comments/t3_53753u/d7skrdw
apply,aplicar,BrasildoB,d7u52zv,1474342404,2016,6,Se aplicar isso no caso do impeachment não sobra nenhuma empresa de mídia no Brasil. ,/r/BrasildoB/comments/t3_53lhib/d7u52zv
apply,aplicar,BrasildoB,d8226yz,1474852120,2016,9,O objetivo sempre foi dar o poder para o PSDB. Mas as medidas que serão tomadas pelo PSDB serão as mesmas que o Temer tentou aplicar e a resposta da população será a mesma. É totalmente insustentável.,/r/BrasildoB/comments/t3_54i3w0/d8226yz
apply,aplicar,BrasildoB,d8crn72,1475534562,2016,2,"> As poucas decisões políticas tomadas nacionalmente pela REDE aprofundaram este caminho. Nesse particular, cabe destacar a decisão favorável ao impeachment, em que o partido aliou-se ao movimento que entregou o poder ao PMDB e a um grupo político envolvido nas investigações da Lava Jato e comprometido em aplicar políticas radicalmente contrárias ao que sempre supomos fossem os valores e os objetivos da Rede.

Pouco rumo, ambiguidade, dependência da Marina mas, quero crer, principalmente o apoio ao Impeachment (apesar do senador deles ter votado contra).",/r/BrasildoB/comments/t3_55nu94/d8crn72
apply,aplicar,BrasildoB,d9dejsz,1477788551,2016,4,"Vao aplicar so contra empresas que abrirem escritorios aqui, tiverem empregados, reporteres brasileiros eu acho",/r/BrasildoB/comments/t3_5a2fta/d9dejsz
apply,aplicar,BrasildoB,d9ofdrk,1478457472,2016,3,"Toda avaliação vai produzir um movimento para contra-controlar a avaliação. 

Se você vai aplicar uma prova, os alunos vão estudar para a prova, com base no conteúdo que vai cair.

O que ocorre é que poderia existir um sistema para impedir esse contra controle. Porém iria afetar os interesses de alguns. 

",/r/BrasildoB/comments/t3_5bgq8t/d9ofdrk
apply,aplicar,BrasildoB,d9qdv7t,1478566137,2016,3,"Yep, se a gente tivesse uma justiça isenta ou uma imprensa isenta estariam se perguntando como o governo fez eleições nas escolas ocupadas e não conseguiu aplicar provas do Enem para uma parcela bem menor da população.",/r/BrasildoB/comments/t3_5bpoky/d9qdv7t
apply,aplicar,BrasildoB,da23l3g,1479258338,2016,3,"Acho que já estamos em um ponto em que temos que começar urgentemente aplicar a terceira lei newton no debate político, da mesma forma que a direita já faz com relação a esquerda diga-se de passagem. Essa ""esquerda paz e amor"" do PT pós 2002 anestesiou tanto a esquerda brasileira que chegou um ponto em que viram um presidente de esquerda ter seu cargo roubado na cara dura por um monte de reaça e ainda ainda me posta no twitter ""viva a lava jato"". É uma lei da vida, se você sofre uma agressão e não reage na mesma medida você sempre vai ser o lado mais fraco da história, mesmo que as vezes seja necessário fazer um exercício arbitrário das próprias razões.",/r/BrasildoB/comments/t3_5ckb83/da23l3g
apply,aplicar,BrasildoB,da9be8l,1479718200,2016,1,Só admins(do reddit) podem aplicar shadowbans pelo o que me lembro.,/r/BrasildoB/comments/t3_5dscr9/da9be8l
apply,aplicar,BrasildoB,dah3a2n,1480213975,2016,5,"É bastante burocrático e desesperador, especialmente quando temos que lidar com juízes que são completos analfabetos digitais que tentam aplicar a lógica do telex e de telegrama para e-mails e perfis de rede social. Nosso judiciário é burro de pai e mãe no que diz respeito a direito de tecnologia de uma forma em geral, a ponto de não saber nem nomear um perito quando é necessário. Outro dia eu tive um caso em que a empresa foi invadida por um ex-funcionário da area de TI (que fudeu com o sistema de CRM da empresa) e o juiz nomeou um Engenheiro Elétrico para fazer a perícia. 

Pessoalmente se tivesse condições de voltar no tempo eu não faria direito, acho que virava caminhoneiro, mecânico de carros e motos, piloto de avião ou o que seja, mas não seria advogado. A advocacia é um ramo deprimente, especialmente se você tem um mínimo de consciência social.",/r/BrasildoB/comments/t3_5ezdra/dah3a2n
apply,aplicar,BrasildoB,dam5u3h,1480522052,2016,3,"Gente, mas olha a teoria da ferradura em prática, que coisa linda:

>Sabe qual é o problema? Lula, Dilma p ex. vão perder todas as conquistas sociais que fizeram justamente porque o povo brasileiro (que não é muito chegado a leitura) não sabe separar o joio do trigo.

>Roubaram? Sim. Mentiram? Sim. Absolutamente tudo que fizeram estava errado? Não.

>O mesmo se aplica a ditadura militar.

O cara bota o governo Lula e Dilma em um extremo, a ditadura em outro e chama isso de conciliação. A conclusão implícita, qual é? qual é? A gente devia ficar no ""meio"", ou seja, na ""democracia"" capitalista, onde os recursos naturais do Brasil são vendidos para governos de outros países, mesmo o Wikileaks tendo avisado, anos antes, que já tinha político rifando.

Eu vou até summonar o /u/stannis-baratheon para ele pensar um pouco melhor em aplicar a teoria da ferradura ao BrasildoB. 

_____________

Edit: /u/stannis-baratheon deletou a própria conta. Fiquei curioso para saber a história.

Edit²: com o número de moderadores reduzido, agora, o Marcolão está um pouco mais próximo do topo do sub. É possível que chamem mais moderadores em breve, e ele vai começar a ficar acima de outros, não vai mais ficar só na rabada, e, assim, aos poucos, ele se torna uma voz estabelecida e respeitada lá dentro. Eu vou fazer uma aposta e dizer que vão chamar um conservador bem reaça para servir de contraponto e o Marcolão ser o ""meio-termo"", o ""conciliador"". ",/r/BrasildoB/comments/t3_5ezdra/dam5u3h
apply,aplicar,BrasildoB,db5d97h,1481650848,2016,6,"Pra aplicar o ban estavas desocupada, se não tens a disponibilidade de negociar o que considero ter sido uma arbitrariedade, não a aplique. Hoje trabalhas, mas é minha tarde de Reddit, motivos pessoais à parte.",/r/BrasildoB/comments/t3_5i3j98/db5d97h
apply,aplicar,BrasildoB,db60394,1481677913,2016,8,"Complementando o que o /u/um--no disse: normalmente os coxinhas defendem a sonegação de impostos, equivocadamente, por acreditarem ser uma forma de ""desobediência civil"".

Porém, desobediência civil sempre é um ato público de protesto contra alguma lei específica considerada injusta, não contra a autoridade do Estado como um todo (do contrário o indivíduo deveria se insurgir e pegar em armas de uma vez). Por ser um ato público de protesto, a consequência é que o Estado vai saber e vai aplicar as sanções previstas em lei: quer dizer, a desobediência civil nunca sai barato; mais barato é pagar os impostos do que ter de se defender nos tribunais etc.

Mas os coxas defendem isso por pura hipocrisia. O que eles querem é somente economizar dinheiro, sonegando por debaixo dos panos, e usam esse discurso para racionalizar sua mesquinhez.",/r/BrasildoB/comments/t3_5hk19d/db60394
apply,candidatar,BrasildoB,d0estsq,1456508537,2016,3,"Quanto tempo até ele se candidatar à Prefeitura de Curitiba? Ou sei lá, talvez ele já esteja contente sendo um coronélzão no norte do Paraná.",/r/BrasildoB/comments/t3_47onkm/d0estsq
apply,candidatar,BrasildoB,d104evx,1458006510,2016,3,"Ainda que a justiça o trate como culpado, uma parte da população acha que não ou tem dúvidas. Ele assumindo passa o atestado q está aparelhando o estado. 

Além de sangrar junto com um governo sem saída. Sinceramente mesmo sem impeachment a situação parece ingovernável, vai queimar qualquer ponte para 2018,  claro se ele pretende se candidatar. ",/r/BrasildoB/comments/t3_4aftbo/d104evx
apply,candidatar,BrasildoB,d104qil,1458007007,2016,3,">Além de sangrar junto com um governo sem saída. Sinceramente mesmo sem impeachment a situação parece ingovernável, vai queimar qualquer ponte para 2018, claro se ele pretende se candidatar. 

De fato, a não ser que ele tenha a carta na manga para lidar com essa loucura de dentro. Se não, pode ficar pior. ",/r/BrasildoB/comments/t3_4aftbo/d104qil
apply,candidatar,BrasildoB,d3sewyu,1464823850,2016,2,"Eu acho que o PT terá problemas em achar alguém que é popular pelo Brasil inteiro para se candidatar à Presidência. Não creio que essa pessoa exista. A Bahia é um estado grande e importante e o Wagner fez um bom governo por lá e é popular, tendo conseguido eleger um sucessor. Além disso, ele faz parte da ala lulista do PT e eu creio que o Lula estaria muito mais confortável com ele do que com o Haddad. Ele realmente é uma pessoa muito inescrupulosa mas acho que isso não o atrapalharia no processo de seleção, hehe.",/r/BrasildoB/comments/t3_4m1iei/d3sewyu
apply,candidatar,BrasildoB,d3sk5zd,1464832062,2016,1,"Sim, por isso que, bem ou mal, a Marina entrou naquela canoa furada de se candidatar pelo PV mesmo sabendo que tinha virtualmente zero chances de ganhar, para se tornar conhecida de alguma forma do povão, e o resultado quase pagou em 2014 (se não fosse pelo PSDB e o PT terem cerrado fileiras para bombardear ela). O PT não soube criar uma figura nacional que possa se colocar fora da sombra do Lula (e em parte culpa do próprio Lula que nunca deixou lideranças alternativas surgirem no partido) agora está pagando o preço disto. A princípio acho que o Haddad pode vir a ser uma boa opção para o partido, mas não sei se o Lula consegue passar o cheque em branco que ele passou pra Dilma pro Haddad agora, e duro que não apenas no PT, mas todos os partidos de esquerda hoje não tem uma figura nacionalmente reconhecida pra ser candidato. Ciro Gomes é cavalo paraguaio, com a língua solta que ele tem não acho que ele conseguiria governar.

OBS: Só pra deixar claro, não sou marineiro, na verdade tenho horror daquela política passa o pano dela que abaixa a cabeça até pra tweet do Malafalha, mas bem ou mal ela e o Lula são os que estão na frente em quase todas as pesquisas por uma razão muito simples, todo o país conhece (e reconhece) os dois, se seguir o curso normal das coisas acredito que um segundo turno entre os 2 é a aposta mais segura no momento. ",/r/BrasildoB/comments/t3_4m1iei/d3sk5zd
apply,candidatar,BrasildoB,d3xkoro,1465179767,2016,7,"Antecipar as eleições é ratificar o golpe. Você acha que antecipando as eleições vão colocar um candidato de esquerda? Acham que vão deixar o Lula se candidatar? A melhor das opções para a esquerda nessa antecipação das eleições gerais é a Marina ""Soros"" Silva. Sem falar que é antecipação de eleições é absolutamente antijuridico, isso pode ser um precedente para destituir qualquer governo de esquerda.",/r/BrasildoB/comments/t3_4mq8so/d3xkoro
apply,candidatar,BrasildoB,d4rxv71,1467160034,2016,3,"Eu estava pensando em me candidatar a vereador (ou mesmo prefeito, se for possível). 

Quais as minhas chances??",/r/BrasildoB/comments/t3_4psfhp/d4rxv71
apply,candidatar,BrasildoB,d7dsftf,1473307498,2016,4,"Ele é um pamonha útil. Diria até que é pior que os inúmeros colunistas de direita que a folha dá espaço.

Aquilo que ele escreve e for minimamente polêmico para a Folha, não entra na capa. Naquilo em que ele bate em partidos/movimentos de esquerda, vai direto para a capa, o que deve lhe amaciar o ego. Ele é sempre o socialista que começa escrevendo 'veja bem, camarada, não é por aí' para dizer como estamos errados em defender o governo eleito.

Aposto que existe um botão vermelho na mesa do editor escrito 'Sakamoto', para fazer a ponte com a opinião pública dos socialistas de facebook. O último grande exemplo foi o do Triplex, em que Sakamoto teve que desfazer o estrago na opinião publica facebookiana da reportagem do Fernando Rodrigues de que o MP SP não conseguiu enquadrar o Lula, e apertaram o botão vermelho sakamoto para que ele escrevesse três dias depois 'veja bem, é que Lula vai ser enquadrado pelo PF PR e não pelo PF SP', como se fosse a coisa mais normal uma jurisprudência dessas e já estivesse praticamente condenado. E ainda xingando a esquerda por espalhar desinformação. Ficou o dia inteiro essa coluna dele na capa.

Na semana seguinte veio o relatório do PF PR do Triplex, e foi xingado pela Globo (Época) por ser fraco demais e não conseguir especificar os crimes pré-imputados pela imprensa de lavagem de dinheiro e ocultação de patrimônio. A Folha resolveu esquecer o assunto.

Tanto que agora a PF está indo atrás dos fundos de pensão depois que miou a história do Triplex.

O pior é que acho que Lula não devia se candidatar, mas esse jogo sujo para lhe caçar os direitos políticos para evitar sua candidatura devia ser execrado por caras como Sakamoto, que devia saber que tem finalidade política nas operações da Lava Jato, mas se faz de tonto de acreditar que as instituições não estão sendo manipuladas e derretidas pelo jogo político. Ou é um esquerdista hipócrita, ou é de uma ingenuidade assustadora para um colunista, um pamonha útil.

Agora temos um governo que quer reduzir o estado a nada, cortando gastos obrigatórios com saúde e educação em todas as esferas, oferecendo aumentos de dezenas de bilhões ao judiciário e alta cúpula, e ainda liquidando patrimônio público, fazendo todo o oposto que ele diz defender, com a pior raça de políticos do país, coisa que ele, voluntariamente ou não, se tornou sócio. Ele devia sentir vergonha do papel que se prestou.
",/r/BrasildoB/comments/t3_50ypuo/d7dsftf
apply,candidatar,BrasildoB,d8z1fw4,1476899765,2016,2,"hmm, já foram longe demais e não podem deixar a coisa esfriar agora. 

Por quanto tempo Moro vai conseguir manter a prisão preventiva de graça de Palocci? Eles tem que prender Lula enquanto dá, mesmo que seja uma preventiva de graça para tirar foto e lhe caçar os direitos de se candidatar a presidente. 

Porque se isso não acontecer, na medida que for sendo exposta a desgraça do governo Temer na área social, a popularidade do Lula vai estourar, e a única coisa que eles tem na manga para interromper isso é prende-lo a qualquer custo.

",/r/BrasildoB/comments/t3_58axfm/d8z1fw4
apply,candidatar,BrasildoB,d9uogmr,1478803364,2016,2,"Peraí. Primeiro que o Brexit foi uma disputa entre o partido conservador e o BNP, e Trump foi a culminância do movimento tea party junto da mudança demográfica americana, o que acabou eliminando as chances do partido republicano ganhar as eleições presidenciais do modo tradicional. No BR, para Bolsonaro ter chances de virar presidente, ele necessariamente precisaria candidatar-se por um partido grande (PSC pode cair por causa da cláusula de barreira) e precisaria também ganhar os votos dos políticos tradicionais do PMDB e PSDB. Doria só antecipou Trump porque se candidatou pelo PSDB paulista.",/r/BrasildoB/comments/t3_5b9t81/d9uogmr
apply,candidatar,BrasildoB,d9uq848,1478805425,2016,3,"> Primeiro que o Brexit foi uma disputa entre o partido conservador e o BNP

É, mas o poster boy do Brexit foi o Farage. Tanto que o Trump trouxe ele pra fazer campanha nos EUA. O UKIP é uma versão mais ""sanitizada"" do BNP.

> Trump foi a culminância do movimento tea party junto da mudança demográfica americana

O Movimento que impulsionou Trump foi mais radical que Tea Party. Ted Cruz era o representante do Tea Party nas primárias e foi humilhado.

> No BR, para Bolsonaro ter chances de virar presidente, ele necessariamente precisaria candidatar-se por um partido grande 

Você diz por causa de Tempo de Campanha na TV ? Isso é de menos. Ele já tem exposição midiática suficiente. Quando ele começar falar mais merda e subir nas Pesquisas tipo a Marina em 2014, a Globo, Record, etc. vão ficar 24h falando dele igual a MSM Americana que não parava de falar do Trump, apesar de odiar ele. 

> PSC pode cair por causa da cláusula de barreira

Também falavam que o Trump não conseguiria funcionar por oposição de Setores menos Radicais no Partido Republicano, por enquanto tá tudo tranquilo e favorável... Enxergo perfeitamente o PMDB e o PSDB fazendo as vontades do Bolsolixo. Afinal de contas ele também é um privatizador em série e é amigão das Elites. 

Em última instância eles sempre podem fundir o PSC em um partido maior ou ele pode se filiar ao PMDB ou PSDB. No problemo. 

>  precisaria também ganhar os votos dos políticos tradicionais do PMDB e PSDB.

Ué, porque você acha que o Aécio encostou na Dilma em 2014 ? Com todo papinho dele de ser a favor da redução de maioridade penal... Ele só deu mais certo que o Serra e Picolé de Xuxu porque ele é mais Conservador. Quanto mais Conservador e porra louca, mais voto se atrai dessa parcela da população. 

> Doria só antecipou Trump porque se candidatou pelo PSDB paulista.

Não entendo a Comparação. Tirando o fato de que os dois são Privatizadores e Coxinhas caricatos, o Trump se mostrou muito mais inclinado a posições Fascistas, beirando o supremacismo branco. Doria é um merda, mas ele tá mais pra Libertário de Direita do que Fascista. ",/r/BrasildoB/comments/t3_5b9t81/d9uq848
apply,candidatar,BrasildoB,dablaiy,1479852278,2016,3,"Acho, inclusive, que devemos pressionar o Lula a não se candidatar pra fortalecer a candidatura do Cirão.",/r/BrasildoB/comments/t3_5ecs8b/dablaiy
apply,candidatar,BrasildoB,damxrtt,1480554923,2016,2,"Pô, as semelhanças com esse Deltan não são poucas.

Se o Deltan se candidatar em 2018 o jingle dele tem de ser o Varre, Varre Vassourinha.

Quero só ver o Deltan vir com sua vassourinha, proibindo biquini e briga de galo, para moralizar o Brasil, líder nato que ele é.",/r/BrasildoB/comments/t3_5fr6b0/damxrtt
apply,candidatar,BrasildoB,db4tn5p,1481613566,2016,3,"Mas sinceramente... quem mais? Alguém tem sugestão? Não vejo  chance para nenhum tucano, nenhum petista, nenhum militar, nenhum ilustre do STF, mas para um amigo de todos eles, acho que daria num armistício geral enquanto o PMDB voltaria para as sombras.

Se forçar eleição direta agora depois de dezembro, seria mais um chute na constituição. O STF cancelar o impeachment com a Carmen Lúcia depois do que fez na lambança com Renan para continuar a 'austeridade' suicida de Temer, não existe chance.

A primeira pergunta sobre Jobim é se ele vai poder se candidatar em 2018. Ou quem ele viria a apoiar se for bem sucedido. Que Temer pilotando só apertando o botão de auto-piloto a gente acaba como o chapecoense (batendo três vezes na mesa)

Acho que vindo de paraquedas, Jobim se assemelharia mais a posição de Itamar do que Médici. Espero. Pelo menos ele foi a [favor da descriminalização da maconha](http://www.brasil247.com/pt/247/brasil/99010/Juntos-pela-descriminaliza%C3%A7%C3%A3o-da-maconha.htm), o que faz ele pertencer a este século... pelo menos.
",/r/BrasildoB/comments/t3_5i0i3f/db4tn5p
apply,candidatar,BrasildoB,db5qzzq,1481666225,2016,1,"Ele vai entrar e passar as reformas neoliberais que destruirão o país, além de acabar com os protestos, esse é o objetivo. Se você acha que a polícia brasileira é violenta, espera o Jobim entrar e mandar bater de verdade.

> A primeira pergunta sobre Jobim é se ele vai poder se candidatar em 2018.

Acha mesmo que ele vai entrar e sair em 1 ano?",/r/BrasildoB/comments/t3_5i0i3f/db5qzzq
apply,candidatar,BrasildoB,dbdnzn4,1482154071,2016,7,"Relaxa, mano. O sub já foi cooptado pela direita, só assiste aquele lugar queimar.
Não se preocupa também, BR não é E.U.A., a classe trabalhadora brasileira nunca votaria em massa num Bolsonaro/Trump da vida, se ele se candidatar à presidente, o máximo que vai conseguir é perder o mandato de deputado.

Enquanto a direita fica botando pânico na esquerda com a possibilidade de Bolsonaro presidente, os verdadeiros players, PSDB/DEM, tão articulando.",/r/BrasildoB/comments/t3_5iudw7/dbdnzn4
apply,candidatou,BrasildoB,d8yt0r1,1476889824,2016,2,"**Jogaram pedra na Geni**

BRASÍLIA - A notícia foi divulgada pelo Tribunal Superior Eleitoral: uma beneficiária do Bolsa Família doou R$ 75 milhões a uma campanha política. Com ar de escândalo, a corte listou o caso entre os ""indícios de irregularidades mais relevantes"" do primeiro turno.

Ao avisar a imprensa, o TSE informou que ""compartilhou imediatamente o material com o Ministério Público Eleitoral"". A corte também acionou o Ministério do Desenvolvimento Social e Agrário para a abertura de uma investigação.

Rapidamente, vazou-se o nome da suspeita: Maria Geni do Nascimento. Ela se candidatou a vereadora pelo PDT em Santa Cruz da Baixa Verde, no sertão de Pernambuco. É lavradora, tem 56 anos e não completou o ensino médio.

Segundo o banco de dados da Justiça Eleitoral, Geni teria recebido, e não doado, os R$ 75 milhões. Mesmo assim, seu caso parecia perfeito para confirmar duas teses em voga: o cadastro do Bolsa Família é uma bagunça e o veto às doações de empresas levaria o caos às eleições.

O presidente do TSE, Gilmar Mendes, declarou em setembro que doações de beneficiários de programas sociais indicavam fraudes e crimes eleitorais. ""Ou essa pessoa não deveria estar recebendo o Bolsa Família ou ocorre o fenômeno que chamamos de 'caça-CPF', que é a ideia de se manipular o CPF de alguém que está inocente"", disse o ministro.

Nesta terça (18), descobriu-se que Geni não era fraudadora nem laranja. Ela apenas errou ao preencher o sistema eletrônico e informar sua única ajuda de campanha: R$ 75, doados por um estudante que recebe auxílio-alimentação da universidade pública. ""Ela digitou zeros demais"", explicou Raquel Salazar, da corregedoria do TRE de Pernambuco, ao ""Jornal do Commercio"".

A assessoria do TSE me disse que cabe à candidata, e não ao tribunal, providenciar uma correção. Até aqui, nenhuma autoridade se desculpou com Geni. Ela levou pedradas de todos os lados, mas não se elegeu. Teve apenas 13 votos.

http://www1.folha.uol.com.br/colunas/bernardomellofranco/2016/10/1824080-jogaram-pedra-na-geni.shtml",/r/BrasildoB/comments/t3_58ao46/d8yt0r1
apply,apliquei,brdev,d9aux6k,1477619322,2016,1,"Com certeza isso está me afetando. Alias, a última empresa que trabalhei, cerca de 85% dos trabalhos eram para governos, quando a crise estourou, não apareceu mais clientes e depois de uma tentativa de mudar o foco da empresa, ela faliu. LoL


Mas veja bem, existem vagas sendo publicadas. Mas das últimas 30 vagas que apliquei, não fui chamado nem pra trocar uma ideia. E em algumas dessas vagas eu tinha qualificações até melhores do que as pedidas.

Por isso que estou considerando a possibilidade de que eu esteja fazendo algo errado.",/r/brdev/comments/t3_59ravc/d9aux6k
apply,aplicar,brdev,czbu9hi,1453764500,2016,2,"Sim, sabia que é para estatística. Estou tentando aprender R para ter idéia do que a linguagem faz. Não tenho um propósito imediato para aplicar a linguagem. ",/r/brdev/comments/t3_42o48b/czbu9hi
apply,aplicar,brdev,czces61,1453806633,2016,2,"O curso me ensina as linguagens pra aplicar mais tarde nas outras matérias de computação como métodos numéricos e laboratório de física computacional, mas é coisa bem básica pro lado do programação e pesado pro lado de física/matemática.

O curso de programação 1 não ensina ""linguagem tal"", ensina estrutura de dados em C, único que ensina "" linguagem tal"" é introdução a programação pq precisamos aprender antes de aprender as estruturas. O de programação 2 nos ensina o básico de c++ e o básico de JavaScript também, mas esse eu ainda não sei onde vamos aplicar pq não cheguei lá ainda.
",/r/brdev/comments/t3_42pfct/czces61
apply,aplicar,brdev,czhjf5w,1454162822,2016,1,"Utilitário conversor de codificação UTF-8 para ISO-8859-1. E vice-versa.

Um simples programa/utilitário, que leria um arquivo, identificaria qual a formatação utilizada, e com opção para conversão para outro formato. Poderia ter forma de utilização em linha de comando. Se feito em C++, poderia ser portado para Windows, Linux e MacOS. Se feito em Java, poderia ser portado para plugin do Eclipse. Se feito em JavaScript, poderia ser disponibilizado em um site do tipo single-page application.

Esse lance de codificação/charset é uma pedra no sapato das empresas que entregam software. Com vários programadores, cada um costuma utilizar um formato em seus programas e artefatos, e na hora de entregar para o cliente, o ambiente de produção do cliente usa outro formato. Um caos total pra resolver na última hora.

Presenciei um problema certa vez: o programador ficou uma semana escrevendo um script em SQL para aplicar fix em produção do cliente, para inserir e alterar dados diretamente em produção. Testou tudo da melhor forma, tentou evitar todos os problemas, mas esqueceu que a ferramenta que estava utilizando estava configurada para UTF-8. Ao entregar o script-sql para o cliente, este último utilizava outra ferramenta de administração de banco de dados, configurada com ISO-8859-1, e o banco de dados estava configurado com charset latim-1. Bagunçou toda a base do cliente...
 ",/r/brdev/comments/t3_42rjou/czhjf5w
apply,aplicar,brdev,cziip3a,1454243283,2016,3,"O melhor sem dúvidas é aplicar direto no site da empresa (caso não tenha QIs).

Se aplicar por empresa de RH, site de vagas e etc, vai encontrar coisas do tipo.

Linkedin é uma boa também, consegui algumas entrevistas por lá.

&nbsp;

O fato é que depois do primeiro emprego, dificilmente tu vê essas vagas zoadas hehehe",/r/brdev/comments/t3_43h9x9/cziip3a
apply,aplicar,brdev,czp4fpg,1454698849,2016,8,"Se for para usar a game engine Unity, você terá de usar alguma linguagem que suporte a plataforma .NET ou Mono que é a implementação open source da plataforma .NET para Linux e Mac OSX. Entre as linguagens OO para a .NET tem-se o C# (C sharp) que é oficialmente suportado. Vi também que o Unity suporta javascript, na verdade unityscript que compila para bytecodes da plataforma .NET tal como o C#.

O C# é o java do mundo .NET. e é orientada a objetos. Talvez seja possível usar outras linguagens que usam a plataforma .NET tal como IronPython ou, seja Python para .NET.

Ou seja para aprender OO e desenvolver games usando o motor Unity é melhor usar o C# C sharp.

Em minha humilde opinião é melhor usar o paradigma funcional, programação funcional e uma linguagem que o suporte tal como F# que é para plataforma .NET que pode fazer tudo o que o C# faz sem declarar tipos, aplicar uma função a uma lista de objetos e explorar a API .NET interativamente.  

Em jogos usa-se um montão de matemática tal como multiplicação de matrizes, matriz de rotação, vetores, álgebra linear .... As linguagens funcionais são muito melhores neste quesito e mais práticas.


Aqui um exemplo do paradigma funcional em F#

A função x * 3 é aplicada a cada elemento da lista:

    - List.map (fun x -> x * 3) [1; 2; 3; 4; 5; 6] ;;
    val it : int list = [3; 6; 9; 12; 15; 18]
    > 

O F# é interativo e também estaticamente tipado!! E você não precisa declarar os tipos, ele tem ""type inference"", detecta os tipos automaticamente.

    - List.map ;;
    val it : (('a -> 'b) -> 'a list -> 'b list) = <fun:clo@222-16>
    > 
    - 

Aqui um exemplo de uso da API .NET. O código abaixo faz uma requisição http, para a pagina http://www.httpbin.org/get. O objeto client é uma instância da classe WebClient.


        
        - let client = new System.Net.WebClient () ;;                                         
        val client : System.Net.WebClient = System.Net.WebClient
        
         // Chama-se o método DownloadString da classe WebClient
         //
        - client.DownloadString ""http://www.httpbin.org/get"" ;;
        
        val it : string =
          ""{
          ""args"": {}, 
          ""headers"": {
            ""Host"": ""www.httpbin.org""
          }, 
          ""origin"": ""190.241.30.86"", 
          ""url"": ""http://www.httpbin.org/get""
        }
        ""
        > 
       
Finalmente o código encapsulado em uma função. O F# deduziu o tipo de dados da função. getHttp e quem for usar o código não precisará declará-lo. E agora este código ficou muito mais curto.
    
    
    let getHttp (url: string) : string =
      let client = new System.Net.WebClient () in
      client.DownloadString url
    
    val getHttp : url:string -> string
    
    > getHttp ""http://www.httpbin.org/get"" ;;
    val it : string =
      ""{
      ""args"": {}, 
      ""headers"": {
        ""Host"": ""www.httpbin.org""
      }, 
      ""origin"": ""190.241.30.86"", 
      ""url"": ""http://www.httpbin.org/get""
    }
    ""
    > 

Reuso do código com função de alta ordem map: 

    > List.map getHttp [""http://www.httpbin.org/get""; ""http://www.httpbin.org/xml""] - ;;
    
    val it : string list =
      [""{
      ""args"": {}, 
      ""headers"": {
        ""Host"": ""www.httpbin.org""
      }, 
      ""origin"": ""187.113.126.127"", 
      ""url"": ""http://www.httpbin.org/get""
    }
    "";
       ""<?xml version='1.0' encoding='us-ascii'?>
    
    <!--  A SAMPLE set of slides  -->
    
    <slideshow 
        title=""Sample Slide Show""
        date=""Date of publication""
        author=""Yours Truly""
        >
    
        <!-- TITLE SLIDE -->
        <slide type=""all"">
          <title>Wake up to WonderWidgets!</title>
        </slide>
    
        <!-- OVERVIEW -->
        <slide type=""all"">
            <title>Overview</title>
            <item>Why <em>WonderWidgets</em> are great</item>
            <item/>
            <item>Who <em>buys</em> WonderWidgets</item>
        </slide>
    
    </slideshow>""]
    > 
    ",/r/brdev/comments/t3_44bgpd/czp4fpg
apply,aplicar,brdev,czqj2jn,1454805490,2016,1,"Seria melhor por C# porque tem mais exemplos disponíveis e maior parte da API .NET é documentada para o C#.  Mas você pode também usar o F# para explorara a API .NET interativamente como mostrei sem compilar no shell. Outra razão é que depois que pegar o embalo no C# você vai conseguir traduzir a maioria para o F#.

Se você a documentação da classe do .NET [WebClient](https://msdn.microsoft.com/pt-br/library/system.net.webclient%28v=vs.110%29.aspx?cs-save-lang=1&cs-lang=csharp#code-snippet-1) ela é a mesma para o C# e F#. Você acessa a API no F# igual ao C#. 

Aqui neste site do [Unity: C# vs JS syntax](https://unity3d.com/learn/tutorials/modules/beginner/scripting/c-sharp-vs-javascript-syntax) e [Coding in Unity for the Absolute Beginner](https://unity3d.com/learn/tutorials/modules/beginner/live-training-archive/coding-for-the-absolute-beginner) tem vários exemplos e tutoriais usando o Unity e o C#


A diferença principal é:

- F# é funcional e baseado na linguagem Ocaml, que é baseada no ML.

- O operador (=) não é de atribuição é de comparação no F# e não existe operador de atribuição.

- No F# você não organiza o código em classes, mas em módulos, que são coleções de funções.

- Os tipos de dados do ML são imutáveis, a não ser que explicitamente declarado. Mas os objetos da API .NET são mutáveis.

- Você cria objetos e acessa classes do mesmo modo que no C#, contudo sem declarar os tipos já que o F# tem inferência de tipos. 

- Embora a maioria dos exemplos de código sejam para o C# pode-se facilmente traduzi-los para o F#.

No meu caso, não sei C#. Eu estou aprendendo o funcionamento da API .NET pelo F# e pela tradução de código do C# para o F#. Do mesmo que aprendi Clojure sem conhecer o Java profundamente, pode-se pelo Clojure aprender a API do Java sem compilar, interativamente e de pedaço a pedaço. Ou seja o F# é muito mais produtivo que o C#. Assim como o Clojure é mais produtivo que o Java.

Aqui uma tabela de comparação entre o C# e o F#.

Description|C#|F#|
:--|:--|:--|
Open a namespace|using System.Net|open System.Net|
Type Casting|(XPathNodeIterator) nav.Evaluate(xpath)|nav.Evaluate(xpath) :?> XPathNodeIterator|
Create a new object|button = new Button();|let button = new Button();|
Set object member|button.Name = ""button""|button.Name <- ""button""|

O F# é interessante para aprender a API .NET porque qualquer objeto que for criado será mostrado no REPL:

Aqui um exemplo:

    > let today = System.DateTime.Now ;;
    
    val today : System.DateTime = 2/6/2016 9:08:23 PM
    
Quando se tipa um objeto no REPL ele é mostrado decomposto com o valor de todos seus atributos.

    > today ;;
    val it : System.DateTime = 2/6/2016 9:08:23 PM {Date = 2/6/2016 12:00:00 AM;
                                                    Day = 6;
                                                    DayOfWeek = Saturday;
                                                    DayOfYear = 37;
                                                    Hour = 21;
                                                    Kind = Local;
                                                    Millisecond = 101;
                                                    Minute = 8;
                                                    Month = 2;
                                                    Second = 23;
                                                    Ticks = 635903897031015350L;
                                                    TimeOfDay = 21:08:23.1015350;
                                                    Year = 2016;}
    > 
    

    - today.Day ;;
    val it : int = 6
    > today.DayOfWeek ;;
    val it : System.DayOfWeek = Saturday
    > today.Year ;;
    val it : int = 2016
    > 
    

> let date_ymd (date : System.DateTime) =   
       (date.Year, date.Month, date.Day) 
 ;;


Outra razão pelo qual gostei do F# é porque sua sintaxe é limpa e simples. Sem necessidade de parêntesis para aplicar a função. O qual só é preciso quando for chamar alguma classe ou método da classe do .NET.

    - date_ymd today ;;                          
    val it : int * int * int = (2016, 2, 6)
    > 
    - 
    
Aqui a comparação entre um código C# e F#:


Código C#

    using System ;
    
    DateTime[] dates = { new DateTime(2014, 6, 14, 6, 32, 0), 
                          new DateTime(2014, 7, 10, 23, 49, 0),  
                          new DateTime(2015, 1, 10, 1, 16, 0), 
                          new DateTime(2014, 12, 20, 21, 45, 0), 
                          new DateTime(2014, 6, 2, 15, 14, 0) }; 
    

Código F#
    
    > let dates = [| new DateTime(2014, 6, 14, 6, 32, 0)  ; 
    -                new DateTime(2014, 7, 10, 23, 49, 0) ;  
    -                new DateTime(2015, 1, 10, 1, 16, 0)  ; 
    -                new DateTime(2014, 12, 20, 21, 45, 0); 
    -                new DateTime(2014, 6, 2, 15, 14, 0) |] ;; 
    
    val dates : DateTime [] =
      [|6/14/2014 6:32:00 AM; 7/10/2014 11:49:00 PM; 1/10/2015 1:16:00 AM;
        12/20/2014 9:45:00 PM; 6/2/2014 3:14:00 PM|]
    
    > Array.iter (fun d -> printfn ""%s"" (d.ToString ())) dates ;;
    6/14/2014 6:32:00 AM
    7/10/2014 11:49:00 PM
    1/10/2015 1:16:00 AM
    12/20/2014 9:45:00 PM
    6/2/2014 3:14:00 PM
    val it : unit = ()
    > 
    - 

Aqui o que parece estranho: O operador (=) é de comparação e não atribuição.

    - let x = 10 ;;
    
    val x : int = 10
    
    > x = 100 ;;
    val it : bool = false
    > 
    -

O F# suporta *currying* que permite que você mantenha um ou mais parâmetros da função constante enquanto o restante vária. Exemplo:

    - let f x y = 10 * x + y ;;
    
    val f : x:int -> y:int -> int
    

Quando se aplica a função f a 7, isso retorna função  g (y) = 10 * 7 + y
    - f 7 ;;
    val it : (int -> int) = <fun:it@46-2>
    > 

Você então pode mapear esta função em uma lista:

    > List.map (f 7) [1; 2; 3 ] ;;
    val it : int list = [71; 72; 73]
    > 
    
Outro exemplo de currying:

    -  let make_date y m d = new System.DateTime (y, m, d) ;;
    
    val make_date : y:int -> m:int -> d:int -> DateTime
    
    > let d1 = make_date 2010 10 20 ;;
    
    val d1 : DateTime = 10/20/2010 12:00:00 AM
    
    > let dates = List.map (make_date 2010 10) [1; 2; 10; 20] ;;
    
    val dates : DateTime list =
      [10/1/2010 12:00:00 AM; 10/2/2010 12:00:00 AM; 10/10/2010 12:00:00 AM;
       10/20/2010 12:00:00 AM]
    
    > 
    

No código F# não é preciso declarar os tipos, ficar criando classes a todo tempo, e se perder entre mil {} ""curly brackets"". É possível também testar a API .NET rapidamente e interativamente. É simplesmente fantástico!! É uma linguagem estaticamente tipada que dar a sensação de uma linguagem de script. Ela foi criead pela Microsoft Research, o braco de pesquisas da MS, mas infelizmente a Microsoft não deu tanta atenção quanto ao C# e ao VB.NET, nem tampouco fez promoção dela quanto fez do C#. Infelizmente o F# não tem tanto reconhecimento do mercado quanto o C#. 

",/r/brdev/comments/t3_44bgpd/czqj2jn
apply,aplicar,brdev,czto8un,1455040788,2016,2,"Eu gosto dessa ideia, vou começar a aplicar aqui, valeu!",/r/brdev/comments/t3_430cnd/czto8un
apply,aplicar,brdev,d0he86w,1456701873,2016,1,"É o contrário, ele só baixa uma vez e, aliás, ele possui um cache extremamente agressivo. Por exemplo, digamos que você queira rodar um sistema em uma máquina virtual ou container, que seja ligeiramente diferente do seu sistema atual. Você consegue compartilhar os pacotes iguais entre a maquina virtual ou container e o seu sistema comum.

Inclusive o NixOS vem com um comando que faz o seguinte: ""testa"" um upgrade dos pacotes que você tem instalado em uma maquina virtual, sem afetar seu sistema. Isso não resulta na duplicação de nenhum pacote que não mudou de versão. Pra você ver se o upgrade vai causar algum problema. Se der certo, você pode instalar o upgrade, tanto a ser aplicado ""no próximo reboot"" quanto no sistema que você está rodando. Se existir algum serviço rodando que precise ser reinicializado para aplicar o upgrade (digamos, um Apache que você tenha instalado), ele reinicializa esse serviço automaticamente. (a única coisa que ele não faz é reinicializar sua sessão gráfica - digamos, fechar seu navegador porque ele foi atualizado, ou reinicializar o KDE ou X.org - porque aí seria sacanagem)

A forma como o NixOS lida com upgrades é perfeita IMO. Um upgrade é sempre uma ""transação atômica"" - se você der ctrl+c no meio, não existe risco do upgrade ser aplicado pela metade (No NixOS, atualizar o sistema enquanto ele está rodando se resume a substituir um symlink por outro depois de instalar todos os pacotes - e substituir um symlink é uma operação atômica). E no menu do GRUB, você pode escolher acessar um snapshot anterior do sistema - digamos que você fez 10 upgrades, você pode iniciar o sistema na versão atual, ou em uma das 10 versões anteriores. Isto é ótimo para, se uma atualização fizer com que o X não inicialize (por exemplo), você poder bootar o sistema exatamente como ele estava antes da atualização.

De novo, pacotes duplicados entre as versões geradas a cada atualização do sistema são armazenados somente uma vez. Neste sentido, o NixOS ""deduplica"" pacotes idênticos entre as versões.

E claro, ele permite você salvar somente as últimas 5 versões do sistema, ou algo assim, mas na prática isso nem acaba consumindo muito espaço em disco.",/r/brdev/comments/t3_481fvi/d0he86w
apply,aplicar,brdev,db7yi9c,1481788826,2016,2,"Pois é, a mentalidade aqui sobre o formato de trabalho é bem distinta, e por isso mesmo que eu arrisquei esta empreitada, pra descobrir se minhas reclamações e anseios sobre dev em geral eram causados apenas pelo ecossistema brasileiro (Vai programando aí que eu vou ver o que o cliente quer, extensivo uso de GoHorse, entregas corridas devido à politicagem e estouro da corda no elo mais fraco, nos técnicos).

Utilizamos análise estática utilizando o Sonar sim (temos a suite da atlassian para nos auxiliar nas etapas). Eu estou aqui há menos de seis meses, porém já dá pra ver que a qualidade é uma preocupação constante. Hell, mesmo com deadlines estourados, ou atrasos de análise, existe tranquilidade de trabalhar e entender o que precisa ser modificado (escopo, prazos) para cumprir entregas.

Agora, eu não posso afirmar com certeza de que este é o padrão de mercado, ou o default. Eu vi um projetinho externo que já não foca muito no testing, por exemplo, mas ainda assim existem testes. Existe um foco na qualidade que eu raramente tive a oportunidade de poder aplicar no Brasil. E isso é o que tem sido mais interessante nesta experiência toda.",/r/brdev/comments/t3_5icxzr/db7yi9c
apply,candidatar,brdev,czcf5hz,1453807975,2016,2,"Entendo. Mas e quanto à experiência? Tipo, nesses sites é possível encontrar muito desenvolvedor com um currículo e portfólio muito maior do que o meu que estou começando. Digamos que daqui 6 meses eu já esteja desenvolvendo meus projetos e esteja apto a me candidatar a vagas como essas, como é que eu bato de frente que uma pessoa dessas? Oferecendo um valor muito menor?

Obrigado pela dica!",/r/brdev/comments/t3_42r2kc/czcf5hz
apply,candidatar,brdev,d0l39ho,1456948321,2016,3,"Comecei a trabalhar como freelancer a pouco tempo, mas eu diria que não é muito complicado, existem vários sites por aí onde você pode encontrar projetos para trabalhar, basta você oferecer uma proposta para aqueles que você acha ser capaz de desenvolver. Você talvez tenha algumas dificuldades pelo caminho, mas o importante é ter coragem e se candidatar para o trabalho e lembrar que **nada é conquistado dentro da sua zona de conforto**.

Mas uma coisa que notei é que existem muitos projetos para programadores PHP, sério, muita coisa mesmo. Então se você for um bom programador PHP com certeza não terá problemas em encontrar projetos para trabalhar.

E caso você não tenha ideia de por onde começar, aqui estão dois sites onde você irá encontrar projetos de clientes Brasileiros e estrangeiros:

 * [Workana](https://www.workana.com/)
 * [Freelancer](https://www.freelancer.com)",/r/brdev/comments/t3_48nrjt/d0l39ho
apply,candidatar,brdev,d9cltns,1477736579,2016,1,"Python, Golang(médio), REST, operações, banco de dados. Nada muito especial, mas me considero um bom desenvolvedor.

Eu pensei em me candidatar em algumas lá no stackoverflow jobs, ou as que são postadas lá no hacker news. Mas eu não boto muita fé no meu inglês falado, tenho que treinar um pouco mais. Já estou providenciando isso, inclusive. rs",/r/brdev/comments/t3_59ravc/d9cltns
apply,candidatar,brdev,dag8lwv,1480165955,2016,3,"Escrevendo como quem contrata, e minha opinião pessoal: procuro gente com diploma simplesmente por ser um filtro razoável. É alguém que se dedicou a estudar para a carreira, teoricamente possui um conhecimento mínimo de algoritmos e estruturas de dados. Mas não tenho nenhum problema em contratar alguém que conheça desenvolvimento sem ter diploma. Para mim é mais relevante a pessoa ter ou participar um projeto open source de boa qualidade, porque posso ter noção do código que ela escreve e que ela tem interesse real na área, em aprender mais e se desenvolver. 

Sobre sua questão, atualmente trabalhar remoto é uma realidade. Se você se dedicou a adquirir prática de programação (coisa que faculdades não dão) e pode mostrar projetos que fez e seus conhecimentos, não deixe de se candidatar ou de procurar empresas na área que você conhece e perguntar se possuem vaga. E para mim, pelo menos, você pode ter 300 minicursos e palestras que não vai me impressionar a mínima. O que vai me interessar é ver se você tem conhecimento para responder perguntas técnicas, sabe arquitetar e escrever bom código e se tem profissionalismo e dedicação. Mas veja, se você não se sente confortável em pegar um freela, você se sentiria confortável em pegar um emprego e desenvolver?",/r/brdev/comments/t3_5evlal/dag8lwv
apply,inscrever,brdev,czf5jg8,1453993494,2016,2,"Isso provavelmente vai ser o heroku. Eles têm um tier free, e é muito fácil fazer o deploy na biblioteca deles. A amazon também dá um ano de graça dos serviços da AWS, mas o deploy é um pouquinho mais complicado.

Além disso, o github tem um student pack em que pessoas com email acadêmico (.edu) podem se inscrever. Ganha 35 dólares de bônus na AWS, um ano de domínio .me, e mais um monte de outras coisinhas.",/r/brdev/comments/t3_42u5xn/czf5jg8
apply,aplicar,desabafos,cz6br5p,1453367426,2016,2,"> ""A maioria das pessoas quando se olha no espelho enxerga o que quer e não o que é.""

Eu concordo totalmente com isso. Só acho que esse ""quer"" não é consciente. Muitas vezes eu ""quero"" me achar um cara legal e não consigo. Agora, exatamente nesse momento(quinta, 07:06), eu me acho um cara legal(até bonito, eu diria) e tenho orgulho de mim, apesar de tudo.


Mas talvez daqui algumas horas eu caia em alguma armadilha e acabe me vendo novamente como estava me vendo na hora de escrever o post original.



Sobre o psicólogo, como falei em outro post, eu até posso voltar a buscar um. Mas vai ter que ser alguém com realmente grande capacidade na área. Tem que ser alguém que seja realmente capaz de entender o problema ao invés de só aplicar uma metodologia aprendida num semestre de faculdade. Sabe? Talvez seja um pouco de arrogância minha, mas isso é motivado por outra experiência que só faltou o psicólogo começar a falar de numerologia. lol",/r/desabafos/comments/t3_41ravy/cz6br5p
apply,aplicar,desabafos,d23wjrh,1460724282,2016,3,"Existe sim a possibilidade de psicoterapia à distância (via skype ou w/e) entretanto, segundo o CFP, só pode ser utilizada como método experimental, ou seja, não se pode cobrar pelas consultas e há um limite de consultas também.

Outro ponto é que não se pode aplicar testes psicológico neste modelo.",/r/desabafos/comments/t3_4ets19/d23wjrh
apply,inscrever,desabafos,cyz43wi,1452861204,2016,3,"Se você está desesperado, tente por outros meios. Se tenta passar em faculdades como USP/UNICAMP tente fazer o ENEM e passar numa faculdade no SISU.

Se já esta fazendo isso você pode: 1) Fazer uma faculdade do mesmo curso fora do estado/cidade, 2) Tentar uma transferência interna ou externa numa faculdade que possa passar, se possível, 3) Se inscrever na lista de espera ou 4) Continuar tentando com força bruta (o que por sinal não quer mais fazer).

Cara eu conheço pessoas que fizeram a primeira faculdade inteirinha, não gostaram da profissão e começaram outra faculdade com 26 anos, você ainda está novo.

> por causa da depressão

Está tratando isso? Isso provavelmente impactará seriamente o seu estudo e seu estado mental durante a prova.
",/r/desabafos/comments/t3_412ljh/cyz43wi
apply,inscrever,desabafos,d478hne,1465822736,2016,1,"Só vai!

Esse College que você irá fazer vai ser pago? Existe algum processo seletivo para se inscrever?
Pretendo mudar também pro Canadá mais pra frente. Mas primeiro vou fazer um intercâmbio de 6 meses.",/r/desabafos/comments/t3_4nv1ua/d478hne
apply,inscrevi,desabafos,cyzrei4,1452897402,2016,1,"Me inscrevi em um cursinho hoje. Já tenho uma ideia da rotina de estudos que irei montar. 

Para falar a verdade, há tempos eu não me dedico de verdades aos estudos. Na infância, eu era bem dedicado. Me acostumei a ouvir as pessoas me chamando de ""inteligente"". Chegou uma hora onde eu achei que não precisava estudar mais. Foi aí que ferrou. Me senti confortável na minha suposta inteligência. 
E passa um ano, passa outro... Quando você vê está diante do vestibular.
Não foi só isso, claro. Tenho outros problemas, como comentei. Mas agora, com o tratamento e tudo, me sinto mais preparado. 
Percebi que o me deixou mais triste nem é o fato de não ter passado e sim o de não ter me preparado. De ter deixado meus outros problemas me influenciarem.

Eu sou mais um cara de humanas, eu acho. Mas também gosto de ciência. Acabei encontrando psicologia, como uma área que meio que une as duas coisas. Entretanto, penso também em ir para a área da computação. 
Na questão da matriz curricular, as matérias de psicologia me animam MUITO mais do que as de computação.

Valeu. Agradeço pelas palavras :) 
",/r/desabafos/comments/t3_412ljh/cyzrei4
